project_code,Centrale,Contrat 
P000435,3 Domaines,Reden
P001288,Abattoirs de Langogne,Albioma
P000618,Agen Centre,Reden
P002165,Aguilar 1,Reden
P002159,Aguilar 2,Reden
P000429,Alinea 3-6,Reden
P001097,Alinea Lautrec,Reden
P000451,Alinea Lectoure,Reden
P002326,Alixan,Reden
P001067,Angelaud,Reden
P001614,Arcally Green,Reden
P002129,Argilas,Reden
P000771,Atelier Clairac,Albioma
P001048,ATM,Reden
P002257,ATN,Reden
P001002,Aubeleau,Reden
P002156,Augier 2,Reden
P002321,Augier 3,Reden
P001026,Babu,Reden
P002157,Barberis,Reden
P001084,Bardou FI,Reden
P002211,Baron,Reden
P001069,Baudon,Reden
P002339,Beaumont de Lomagne,Reden
P001015,Benezet,Albioma
P002227,Bernard 2,Reden
P002226,Bernard 3,Reden
P001191,Bernard André,Albioma
P000930,Bernardin,Reden
P001888,Bessette,Albioma
P000360,Biocoop,Reden
P002425,Blanc,Reden
P002130,Boalia,Reden
P000914,Boé 1,Reden
P001086,Bompart,Reden
P001086,Bonrepos,Eneryo
P001556,Bontempi,Reden
P002134,Bontemps,Reden
P001081,Borredon,Reden
P002188,Bouhbouh,Reden
P002173,Boullard,Reden
P001876,Boulodrome de Grasse,Reden
P001134,Bourrel,Reden
P000851,Bousquet Mende,Reden
P001082,Boutie,Reden
P001127,Boutron,Albioma
P002281,Brins Verts,Reden
P000928,Bvi,Reden
P001070,Caldo,Albioma
P001451,Campistrous,Eneryo
P001277,Cantine de Joncquiere,Reden
P001071,Capelle,Albioma
P001016,Carimalo 1,Reden
P001018,Carimalo 2,Reden
P002256,Carpentras,Reden
P000998,Casse,Reden
P001119,Castaing,Albioma
P001029,Cavaille,Albioma
P000471,Cave de Buzet,Reden
P000625,CCV,Reden
P002184,Cemoi,Reden
P001264,Centre Culturel de Besseges,Reden
P001397,Centre de tri Creon,Reden
P001393,Centre de tri Miramont,Reden
P001271,Centre Equestre Labardette,Albioma
P001631,Cesareo,Reden
P001566,Chabeuil ,Eneryo
P001128,Chambéry Joppet,Albioma
P002132,Chauvet,EOS
P002145,Chauvet Amaury ,Reden
P002160,Chauvet P,Reden
P001100,Chiapale,Albioma
P001094,Chloeria,Reden
P002316,Cir Prefa,Reden
P001560,Clarens,Eneryo
P001562,Clelles,Eneryo
P000327,Cogevi,Reden
P001490,Collège Alaric,Reden
P001974,College Barbusse,Reden
P001491,Collège Brassens,Reden
P001494,Collège Gaston Bonheur,Reden
P001462,Collège La Nadière,Reden
P001493,Collège Montesquieu,Reden
P001189,Colomb,Reden
P002153,Combelles,Reden
P001058,Comtes de la Marche,Reden
P002383,Condom,Reden
P001894,Contensou,Albioma
P002177,Cotte,Reden
P002175,Courtial,Reden
P001871,Cressons de Provence,Reden
P000967,Crouzatis,Reden
P001893,Crouzette,Albioma
P000854,Danival,Albioma
P001351,DE Balanda,Reden
P002426,Denayville,Reden
P002263,Desmartis,Reden
P001028,Desplats,Albioma
P001001,Douceur de Jacquemard,Reden
P000843,Dupessey Rumilly,Reden
P002437,Dupre,Reden
P001797,Ecole Courtial,Reden
P001788,Ecole de Bétaille,Reden
P001756,Ecole de Montpon,Reden
P001124,Ecole Jasmin,Albioma
P001160,Ecole Jules Vernes - La Jarrie,Reden
P001163,Ecole La Jarrie - Albioma,Albioma
P001722,Ecole Miramont,Reden
P001601,Ecole Temple sur Lot,Reden
P001047,Ecurie des Sudriers,Albioma
P001322,Ecurie Totain,Albioma
P001161,Eglise la Jarrie,Albioma
P001352,Entrepot de France FI,Albioma
P002246,Espace Carat,Reden
P002260,Espira ,Reden
P000686,Eurostock,Albioma
P000406,Extension Usine,Reden
P000964,Eysseric,Reden
P001027,Fabre,Reden
P000502,Fabre 1,Reden
P001312,Febus Gaillac,Reden
P000276,Ferme du Layon,Albioma
P000742,Ferrini,Reden
P000965,Ferrussac,Reden
P000815,Fontebasso,Albioma
P002174,Fouquou ,Reden
P002266,Fouquou 2 - 1,Reden
P002237,Fouquou 2 - 2,Reden
P002164,Fourmilier,Reden
P002280,Fournier,Reden
P001891,Fraisse,Albioma
P002269,Frontignan,Reden
P000364,Fruid'Agen (O),Reden
P002216,Gabardan,Reden
P001755,Gaec de la Fontaine,Reden
P001056,Gaec Galzin,Reden
P000966,Gandille,Reden
P002287,Garlin,Reden
P001093,Gaurrat,Reden
P001041,Gelade,Reden
P000809,Gelade Regis,Reden
P000902,Gémarin PVG,Reden
P001274,Geysse,Albioma
P002221,Ginestas,Reden
P002161,Ginglardi,Reden
P002183,Giraud Germain,Reden
P000187,Gobbini Thopaudor ,Reden
P002435,Gobbo Patrick (Sud),Reden
P002436,Gobbo Richard (Nord),Reden
P000997,Guasconi,Reden
P001889,Guibal,Albioma
P001872,Guibrunet,Reden
P001123,Gymnase Ste Livrande,Albioma
P000374,Habitat Solaire,Reden
P001319,Hippodrome le Passage,Albioma
P001233,IDEC Geodis Ombrière,Albioma
P000695,Intorre,Reden
P000307,Irradiance Cornus,Reden
P000993,Jadas,EOS
P002438,Jalabert,Reden
P001890,Jambon,Albioma
P000518,JCB Bonnet,Albioma
P001051,Joannic,Reden
P001090,Joqueviel,Reden
P001126,KDI Blanquefort,Reden
P001122,KDI Colomiers,Reden
P001181,KDI La Rochelle,Albioma
P002284,KDI Marignane,Reden
P000628,Keforest,Reden
P001169,La londe CTM,Albioma
P001164,La londe SDF,Albioma
P000926,Lacheze,Reden
P002439,Lacoste,Reden
P002440,Laguerre,Reden
P001072,Larroche,Reden
P001046,Larrue,Albioma
P002171,Lavenne,Reden
P000946,Le Barp,Reden
P002142,Le Bétout,EOS
P000912,Le Cailar,Reden
P002143,Le Petit Cailar,Reden
P002307,Léo 2,Reden
P001685,Les Alpilles 1,Reden
P001686,Les Alpilles 2,Reden
P001066,Les Glaudets,Reden
P002244,Les Molles 1,Reden
P002267,Les Molles 2,Reden
P000933,Les Outardes,Reden
P001269,Livio,Reden
P001625,Locamoisson,Reden
P001050,Lorenzon,Reden
P001135,LP2A,Albioma
P001500,Lycée Beaumont de Lomagne,Reden
P001452,Lycée Bourdelle,Reden
P001448,Lycée Capou,Reden
P001450,Lycée de Gaulle,Reden
P001455,Lycée Jean de Prades,Reden
P001497,Lycée Le Montat,Reden
P001761,Lycée Moulin 2,Reden
P000387,Lycée Restat,Albioma
P001506,Lycée Vicat,Reden
P000472,M+ Castanet,Reden
P000463,M+ Cornebarrieu,Reden
P000459,M+ Frontignan,Reden
P000469,M+ Portet,Reden
P000461,M+ Roques,Reden
P002249,Magro 3,Reden
P002242,Magro 1,Reden
P001078,Mairie d'Aiguillon,Albioma
P001114,Mairie de Besseges,Reden
P001000,Mairie de Meilhan,Albioma
P000411,Mairie de Ria,Reden
P000693,Mairie Issac Gymnase,Reden
P000649,Maison Briau,Reden
P001388,Maitre Prunille Saint Quentin,Reden
P001313,Maitre Prunille Sainte Livrade,Reden
P000932,Malarte,Reden
P002362,Malemort ,Reden
P002155,Malet,Reden
P001073,Mandavy,Reden
P001083,Maraval,Reden
P000999,Marcel,Reden
P002441,Marcel - ATON,Reden
P002185,Marchesseau,Reden
P001010,Marrauld,Reden
P001076,Martaillac BA,Reden
P002182,Martin,Reden
P002442,Marty,Reden
P001065,Maryse Etienne,Albioma
P000635,Matisol,Reden
P002007,Matris,Reden
P002443,Maugard,Reden
P001054,Midi Tielles,Reden
P000630,Min d'agen,Reden
P000895,Minjat,Reden
P002382,Miradoux,Reden
P001558,Momeres,Eneryo
P002298,Moncrabeau,Reden
P001080,Mondin,Reden
P000562,Monier,Reden
P000942,Monteil,Reden
P000820,Monteillet,Reden
P001569,Montferrat,Eneryo
P001568,Montvendre,Eneryo
P000499,Morin,Reden
P001408,Mounes Cadapeau,Reden
P002444,Navarro,Reden
P002306,Negrepelisse,Reden
P002254,Neuvic,Reden
P002225,Noe,Reden
P002117,Nougayrede,Reden
P000520,Onesse et Laharie,Reden
P001958,Pargas,Reden
P002179,Perez,Reden
P001207,Philibert,Reden
P002433,Pierdon,Reden
P002324,Plan d'auron,Reden
P001840,Pole Medical de Gammal,Reden
P001170,Poneys de Patchanka,Reden
P001307,Possamai,Reden
P002048,Prou,EOS
P001101,Provence Tomates,Reden
P000554,Pyramide 2 Mirebeau,Albioma
P000572,Pyramide Prin,Albioma
P001561,Recurt,Eneryo
P000779,Refectoire de Clairac,Albioma
P000806,Régis Verger,Albioma
P000706,Renaud Extension,Albioma
P001043,Renaux,Albioma
P001671,Revault Metairie,Reden
P001044,Reverdy,Reden
P002337,Rians,Reden
P001895,Riou,Reden
P000483,Robert Litt,Reden
P001089,Roger,Reden
P000995,Roncadin,Albioma
P001087,Rossato,Albioma
P001896,Rouches Est,Albioma
P001975,Rouches Ouest,Albioma
P002176,Roux,Reden
P001441,RPA Sanguinet,Reden
P002264,Safari de Peaugres Nord,Reden
P002262,Safari de Peaugres Sud,Reden
P001237,SAG Niort,Albioma
P000605,SAG Ridoret,Albioma
P002325,Saint Lys,Reden
P002285,Saint Gauzens,Reden
P002299,Samazan,Reden
P001629,Sans,Reden
P001205,Savornin Pascal,Albioma
P001311,SCI 2G,Albioma
P001971,SCI Chafer,Albioma
P000798,SCI de Frêche,Albioma
P001042,Sci du Pregay,Reden
P001292,SCI la Royale,Albioma
P002169,Segaud,Reden
P002126,Seneclause,EOS
P001121,Seri Fydjad,Albioma
P000586,Serreli,Albioma
P000882,SIDV Villefranche,Reden
P000665,Somag,Reden
P001371,Sorexto,Albioma
P001892,St Bernard 1 ,Albioma
P001976,St Bernard 2,Albioma
P001565,St Marcel,Eneryo
P000385,Stockage Usine Prod,Reden
P000372,Sun Valley,Reden
P002497,Sun Valley Bât 1,Reden
P002499,Sun Valley Bât 2,Reden
P002498,Sun Valley Bât 3,Reden
P002308,Sunloc,Reden
P000305,Surya Toulouse,Reden
P002310,Taillecavat,Reden
P002434,Tebaldini,Reden
P002114,Ther,EOS
P000910,Thermisol,Reden
P000750,TMS Juin,Albioma
P000729,Totain,Albioma
P001045,Toulayrou,Albioma
P001052,Toumeyragues (Fruit gourmet),Reden
P000863,Tovo,Reden
P000398,Trackers Reden,Reden
P001096,Tramier,Albioma
P002131,Tremelat,EOS
P000648,Trillas FI,Albioma
P000640,Trillas Jenergie,Reden
P000694,Unicoque Louberie 4,Reden
P001112,Unicoque Mouline,Reden
P001316,Vallée du Lot FI,Albioma
P001091,Verge,Reden
P000488,Viard,Reden
P002113,Villasavary,EOS
P002217,Vivier Le Contant,Reden
P001595,Viviers de France,Reden
P002212,Yang,Reden
P002445,Zervos,Reden
P002121,Boé 2,Reden
P002297,Coq Mondragon,Reden
P002171,UPAIX,Reden
P002320,MEZE,Reden
P002457,Générac,Reden
